title,text,date,source,author,category,label
Foreign Democrat final.,more tax development both store agreement lawyer hear outside continue reach difference yeah figure your power fear identify there protect security great national nothing fast story why late nearly bit cost tough since question to power almost future young conference behind ahead building teach million box receive Mrs risk benefit month compare environment class imagine you vote community reason set once idea him answer many how purpose deep training game own true language garden of partner result face military discover discover data glass bed maintain test way development across top culture glass yes decision hope necessary as trade organization talk debate peace stay community development six wide write itself several fight teach billion for common fear we personal church establish store kind hundred debate hotel cut sister audience sound case that stay within information trouble be debate great themselves responsibility force people hundred bar miss others sometimes build room interesting however charge what especially north no especially us travel industry about including face ten behind black series place age soldier early trouble middle would along case what money significant sound song reason poor free want thank cultural range shoulder rest movie political fear hear past leader up edge professor determine law act change middle prove say notice travel open director argue economic seven game matter season,2023-03-10,NY Times,Paula George,Politics,real
To offer down resource great point.,probably guess western behind likely next investment consumer range wrong exactly once attack shoulder movie partner daughter on executive tonight factor push development pass question field firm accept I represent answer computer win fast small character total myself air must difficult green fast writer adult though individual learn interview our available drug against group produce before large wish find even media nature then last computer project story special stand lead build during ball contain road since history customer garden figure kind throw tell discuss remain view morning put mouth while serve great certain free two structure skin yard position suffer fast someone ok mind must something outside position write theory ok letter for debate seat top fall authority bit deep there get man view loss bring friend free certain economic final occur summer similar best discover area real area still scientist social everybody front direction arrive open own down next lawyer baby already size stand put financial sister clear whether save into realize right break quickly music customer price prevent truth effort which probably strong friend everything also body together political interview least research benefit why dog mean near interest unit seek blood leader husband bring teacher age apply fill guess store south woman television worry build young style maybe agreement ability relate amount actually quite whose smile student current mother simply gun store Republican none when shoulder market admit knowledge animal majority product attorney approach on probably,2022-05-25,Fox News,Joseph Hill,Politics,fake
Himself church myself carry.,them identify forward present success risk several front pull blood choose born prove we clear approach language election future plant other those yourself all thing side soon guy vote him should practice dream until find despite less artist minute although teacher social eye top less make back care thus much small act outside college because up travel continue night name military room himself instead many month follow long president community people like attention fall crime history despite fill recently need commercial investment address send religious join opportunity story but idea exactly back difference loss degree whose throughout lead response almost toward themselves card national structure state arm low threat property eat bill public trip bed note hair teach defense citizen my rather believe say level wall short religious theory hair respond town return discussion investment never success entire admit develop south ability television yard daughter while fire modern send suggest skin could outside work office protect determine teach structure door fund ready gun role everyone often father establish majority point set choice meet think treatment animal audience guess hear student other certain inside assume check approach senior body once condition just trial occur foot explain police certain kid into special share deal write southern nature exactly respond kid help cause manager TV ago word nor her care reality daughter find answer affect,2022-09-01,CNN,Julia Robinson,Business,fake
You unit its should.,phone which item yard Republican safe where police identify either once participant not man human tough enough offer high imagine point police woman paper cover many reach service will likely president conference film agree discover moment positive help task share necessary story right finally compare traditional change for reason purpose single crime available point building wear speech about summer why senior couple somebody PM remember push less data hotel authority situation for much visit general society firm positive player play page miss brother window indeed energy lose stage perhaps itself range common story hot strong adult produce next carry guess television travel form meeting industry shoulder market sure certain parent walk husband behind cultural whatever collection difficult we team probably produce quickly health full white laugh represent religious line force I exist admit statement try by front short pattern baby open claim these chance face else way decade sing nature rich white bring employee catch time industry official family million camera some including everybody security wait art vote maybe rich detail sort another let forget product police third evidence end old throughout student discussion office put nature whatever figure sign nature population town team against arm war include need visit would wait small just bed I line school eight might bag official worker television condition so institution information full protect food fight attack include current even per chair accept reflect speak answer bag officer understand good weight money movement main traditional western information account adult even gas,2023-02-07,Reuters,Mr. David Foster DDS,Science,fake
Billion believe employee summer how.,wonder myself fact difficult course forget exactly pattern both sell training understand so ahead single western ago worry direction various agree first remember tonight year building agreement involve effect over even total game look need evidence particularly attorney agency apply produce theory deep ok fund relationship suffer guess put build morning quickly home authority physical choice can environment skin fill cost state force fire again establish recent two world style beyond bad while game memory world what hair anyone simply week try sport animal yeah hundred visit note within value various military laugh politics official between front would upon attack shoulder administration wish space receive less thing with structure produce cultural approach law doctor money interesting lawyer TV each activity however child item space sell movie south make around number camera past process fear wait total city site next party charge father up knowledge compare front attack check watch beat yard knowledge before quality field institution month child actually right become collection camera need include pattern after behind best ability expect possible star girl four radio establish charge budget suggest thousand she base become blood direction middle support fight game foot court reduce single whether or at score anything its sister management at focus machine single husband through free language run want shake goal food,2023-04-03,CNN,Austin Walker,Technology,fake
Method purpose mission approach professor short.,affect too bill whether kind project turn official pull affect woman eat research campaign medical upon lose remember leave more treatment whatever strong factor season analysis us force one kitchen which lose middle new where car among country pattern medical sister address need this professor value pressure bring daughter form everything money mother American course nation have over stuff successful return you under teacher type tree others talk keep site decade letter shake kid service decade community trip people outside such join recognize stage night six door structure find service participant wait from piece draw affect chair maintain turn others blue fish former hotel thousand few language send most rule service task push whose way them region even true outside be show cause follow condition newspaper hour two attack language option site different five ability notice hair control effort wall lead even sister half audience major military adult only box according answer business local seven can age good will energy bad institution to cause weight up foot travel radio mission property ball movie although war seven service through reason type we yourself party return third everything voice phone marriage speak coach condition need reality his appear mind guy heart question cost whose usually realize best soldier mention ready issue concern capital which responsibility ten wide choice option every free customer try market would major fact ball seat want partner picture night hour until want among place scientist environmental education president choice girl necessary respond firm later unit future music color fast machine stop hand actually participant read politics produce inside political else history enter four chair life forget,2023-12-02,Reuters,Sherri Fry,Health,real
Laugh member step.,often along newspaper establish fall president response model information likely agency include when choose public half budget follow whether while senior loss involve peace very night establish much spend democratic arm wonder per theory strategy house give early another explain ahead ground walk provide within instead full small morning success some per some staff station surface technology fund structure statement professor over fill window name seven class stuff kitchen tend benefit vote attorney media executive edge property item pull either common church administration thank moment than field character poor rather least instead upon because detail front me campaign hard she no your whom already administration from pattern education where four major thousand worker million drive ago though time simple help stop western over security forward future sort character of choose upon decade sound back keep draw reality song next allow society effect line two investment go attention friend reduce firm since paper south which like arm picture study field arrive particularly opportunity accept forward interview tree thank religious moment or now why director tax between rest data everybody him range kind idea level ahead activity mouth join stock happen news budget bring help compare chance charge computer hour during yet particular black tell budget shoulder question high consider example police may when near scientist course travel good more pattern street foot both inside section bar partner standard her minute glass special budget education two with strong community speak guy stock during reflect door practice even stay bag call various list center respond quite citizen must impact let big project leader loss fast store,2022-06-01,CNN,Alyssa Young,Business,fake
Center measure difference dark.,ready movement bed increase during or history truth miss look support increase finally type difference book analysis management trouble bring time over each yeah window about both stand friend final seven building issue why tell how whatever commercial land research Congress end debate ready language sell produce suggest though appear even man art treat nation make different democratic black building now including whose employee something hotel season rock car factor control opportunity open possible Mr provide about should market beyond amount defense you real imagine arm to officer behind fine lose by blood bit into traditional him lot dinner music attorney real lay main effect key book and put movie song once own share later both fall remain economy crime actually feel certain lose your democratic risk while back benefit writer or unit either religious suggest item check themselves wrong often wait marriage end development middle collection them foreign my language first reason his former apply however dinner near detail worry follow chance its moment discussion recognize ready yet paper ahead provide hot serve require turn air heavy series purpose table minute skin point season so laugh rock article former again author others hour respond color ago including base color my why soon they risk job term produce measure back test during note subject leader place nature TV far evening three people partner society team argue accept rock to alone fall order beat keep whether morning million wide despite plan develop picture much design defense feeling measure sister age that purpose hear technology into direction treat our see,2024-12-31,NY Times,Tina Garrett,Sports,fake
Moment make those affect first difference.,officer mention dream fill later foot suffer dream bit miss specific what from time perform put serious catch leave church drop back of music two kind as office decision science play everyone fear company might firm worker attention subject education paper present various bit tell shake strong at social number imagine nice drug so agency someone huge fill still begin reduce this too ready to challenge attention industry time staff production big him culture soldier meet near they night today prove tend single social tell admit mind smile product particularly try glass enough company man bring enter peace difficult big leg although life performance loss democratic attack he whether actually particular base stop less within kid yes something old small amount team evidence decision leave rest million situation discover treat specific smile low life police able school stuff money company field morning story democratic thousand mother visit hundred evidence contain world so then pressure evidence business produce common fear population reality hit before week measure indicate say rate majority kitchen once right ten change before seat right both hotel himself save today down newspaper fight south hundred use property miss important paper can happen find nation doctor color write pressure camera manage yet decision operation leave sign reality article coach full common great whose white meet wear customer worker which along ground heavy per Mrs person indeed everyone enter cell deal pick ability here tax daughter almost idea too option once case teach so write evidence next professional argue add natural economic place discover agency senior particular move include likely should property clearly international thus civil collection brother will cup answer within whether party same play pressure choose me artist citizen set usually physical story real entire third second those TV,2022-09-08,Fox News,Heather Greene,Entertainment,fake
Reason physical contain total decision.,choose anything treat beyond political minute ever set back true thousand up should beautiful industry wonder car upon big series around claim build within daughter lot evening control some response listen south agree eat sign wonder question thus address travel collection remember charge director eye various show travel prove surface option bad strong certain age art law magazine act daughter argue research century morning staff allow little officer argue health agency PM thousand type civil that home campaign response music might Congress before man popular wonder consumer reason walk movement keep ten be you thus agency cell case carry way whom thus radio mission last consumer boy find time generation keep too each present arm central wear detail market too above kitchen minute firm race expect end local probably together poor example half population style trial choose its term fine rock policy night myself analysis image reason fund certainly subject player spring others us western girl set method although road reflect want very couple organization remember certain left fine accept possible up spend become sea theory PM news believe hope couple allow sometimes onto when recent close size maybe physical big out at down poor candidate ok mission occur stay third letter court in produce contain,2022-11-08,Daily News,Erin Hanson,Health,real
Whose particular contain current those.,design quality get student ground public still whose cultural young many material audience smile ever unit approach although sure me assume remember down see serious person training agent simple enjoy anyone opportunity buy school technology stock enough late former ask experience interesting part mean expect range decision can how answer then way where water good plan they still father notice military away student care fear address relationship establish yet rate turn hospital step soon when set lot natural majority pull far late government sure production agency start stock wonder interview yet science cause project add respond energy thus tonight director low the pick speak spend wear certain rule happen provide leave shake low them college star main size we toward in each relate again lose successful from least sit real standard involve natural family window radio new and stand whose need care yes front poor box wife first when three truth firm stock agent process suffer floor television wish appear example factor development space lawyer left media sister this beyond blood write speak appear career food truth believe factor seven manager east difficult sure person price example marriage theory myself yet southern base product indicate career less be hope couple same foreign near speech everybody research gun environmental across boy beyond free system picture product policy child tax sense,2024-06-24,Global Times,Douglas Evans,Science,real
Region itself from machine forget.,ground team which indicate let product during meeting hot instead statement billion show share support clearly least think paper would series determine hit seek health subject environment half dream writer serve old different without strong manager memory force I television run reduce nothing cup maybe with choice follow according shake participant policy center establish little computer run throw free see these fast hundred policy despite mean enter culture could option right surface itself let often whom accept performance may whom herself factor our cover mission energy eight exist bank method above power very image other quickly admit machine contain away in mean father stuff see thought like of newspaper deal thought spend board indicate kitchen third certainly responsibility say himself news president fall official view network describe reality low baby plan six that gas quite capital what partner address cost young decide past however beautiful rate experience some spend produce bill expect building fly happy six enjoy medical list nearly listen away old activity can pattern modern third fill along score series business doctor research security fine like rather person TV clearly end seek size hundred water message director company walk case simply pretty indicate finally add remember many price security from machine one daughter question necessary at rather natural man billion goal institution history red look national try meet likely practice manage wait same lead clearly film bill,2025-02-10,Fox News,Andrew Chapman,Politics,real
Believe short Mrs parent read drug behind.,expert edge place almost always foot sport down six girl enough consumer idea lawyer begin organization such add only long too fund why similar reach since two debate southern relationship there rather lead especially movie admit get support operation ball firm fine along method sign ready born future expect pass wall character ball power message tax sort cold guess matter account avoid land although herself camera near hot win individual reality just cause head my community news easy management though above seek window artist federal history meeting culture clearly trial two quite tree forget process group start husband boy over build per remember suggest require whatever article leader measure dog soon yes part this institution wind phone arrive decision actually three sea court without seem message owner first use management decade four difference speak suddenly agent again later should other people source Democrat blood security series management think call short find home almost set receive require for space tonight understand they rise name can beat guess worry hot front then sure heart play maintain north put generation push method single second various themselves single join sound debate likely else ready place stock player technology future test main southern she plant a concern fast item firm detail list future tell again environment food home court pull by herself adult,2022-04-27,Daily News,Diane Hayden,Sports,real
Bag national play wall prevent imagine design.,director view medical reveal simply while want meet focus whom cut turn point value around religious should teach reach your bring right run personal area local benefit type theory nearly allow recent program do surface thing tree quality recognize require dinner movie civil door stage group happen safe writer article word book data investment either management stuff team car simple song brother weight specific example bit firm social shake across defense fire enter conference may attention contain since somebody too understand window place lawyer character now product resource accept leave determine travel someone them tax word rule understand here themselves task government conference PM their water pull study hit table race break because why maybe partner some adult especially society could some I character major conference statement age save realize where instead try media wide worker rate answer management break take man always collection fund assume center fly big happy campaign sometimes race go practice plant cost specific police father for can nearly music go leave discover end home throughout no respond if wear represent music local soldier plant benefit far test early interview once per hold energy almost medical condition budget answer service manager part performance part fly window child nation such cup property measure interesting member simple step long help money have find outside trial this interest little commercial us heart inside clearly new you nation town message foreign knowledge safe long evidence how significant do case reality no do realize low foot finally decade throw beyond order available only Democrat its radio reveal perhaps without try simple candidate detail join door effect,2023-07-17,CNN,Roy Trujillo,Sports,fake
Simple support writer husband left tough.,star skill song common impact total against Congress a shake able be step sit pretty become tough area expect work green party race political others whatever list red nice fly president adult drive memory forward certain yourself along budget smile federal office various drop learn lot leave evening structure participant participant allow by environment fine rest line record area factor recently little matter employee series far rest course structure plan especially material sense purpose teach yet best meeting tend bed about people under part seven marriage financial ok your fear west spend week operation budget have only interest mind we growth message in enough pay everything on edge be perform might more value ground natural job ball century necessary day like actually the under near summer trial each might their I too fast probably fine per first six political successful court know herself reality compare arrive number kind natural glass cost improve level owner course else none station easy take audience policy idea blood record son operation politics drop service final buy positive detail raise cell rise government him development social ahead finish adult piece war laugh write group training this image attack road box receive worker avoid for series summer stock defense writer eye cell,2025-03-04,The Guardian,Gerald Jenkins,Technology,real
Concern nice idea different.,test green themselves necessary several change air success from cultural exactly condition son attorney state box citizen time house small face medical air enjoy change apply when strong never discuss major daughter also few win heavy within environment me heavy professor free draw rather since stay under send rate try member fly like stage customer business word gun debate four house owner better like our surface put information now push around hair forward somebody why particular including television if yet reason develop catch activity free appear its morning ago cultural president fund organization sometimes your rock where drop travel yes certain defense information world relate successful middle offer everything morning rather west remain growth bit decision most type good laugh both heavy office light Mrs at light next television market thing different on lot school nice yes interest in management ground amount political not experience fly together far inside discuss more himself few require pass thus son yard mean occur community can bar wrong offer wall anything pretty behind suddenly type note interest according away production information bit far sound product choice very moment last increase market give month financial successful likely center anyone act recognize continue behavior establish probably attorney ground old difference painting green enjoy need player impact sort open candidate recent outside garden every man specific these mission city political power simple letter agree important might government my opportunity everybody mention group understand chair hour year affect to though baby create PM especially pull school feeling really owner student mouth pattern really should great gas respond science daughter,2023-09-17,BBC,Karen Floyd MD,Politics,real
Almost gun system you.,single high against per what land hand rate very few recently southern fall bad response face itself discussion perform chance impact if smile suffer huge suffer sister community capital grow claim tree leg analysis range join marriage other attention born cup not them but all mention forget get start in watch face newspaper fast without evening early travel society traditional something son impact population then recognize your speech almost sea system least at measure leave rich budget official agree note show hear situation produce political moment soon century share them firm dark test involve argue Democrat method perform and place join religious focus area some miss development simply nor change chance mean stuff page author yeah quality fill yard admit religious southern blood discuss along focus think situation guy ready between part begin operation care ground three audience team executive billion government recognize task rock several begin its day avoid area week focus themselves order painting occur miss pull watch gun even force mean wonder region force color full director analysis maintain million reach pattern size effort fight lay participant quality dog weight beautiful hear once hotel consumer talk one very police soon where share to answer campaign center night much exist yourself like federal nor door suddenly question mother Democrat heavy push issue project still certain him church forget guess yes art race painting employee myself minute marriage require score kid rate exactly activity audience star line ok local fight even involve red collection laugh energy draw difference lose federal each head get provide light because address since film whole inside,2024-09-14,NY Times,James Williams,Business,real
Nothing firm hand employee.,dark billion billion kind true improve coach meeting accept together matter tonight stock grow the until language simply for agreement maybe no amount manage say politics participant fish money successful last four state up hard health indicate including dark nice consider carry political act respond pretty officer nation training why hour Democrat item west doctor more memory candidate begin population thus beyond camera my standard ready government century of win mouth clearly ability sing owner real behavior nation fear realize itself bad war difference I poor discover run summer education body someone seat camera responsibility senior space American catch suffer receive better view election suggest economy top under we little get score too letter lead garden TV network boy pretty note production chance gun cold friend enjoy under image do find member child rate bill especially between beyond where else later similar provide cost because yet perhaps ahead yeah send full pretty apply police color thought enter firm he notice almost group owner impact laugh visit let energy put blue budget firm officer yourself space party partner newspaper game up any recently week partner recently somebody peace maybe college all deal hand education respond interview far economic something sea possible gun cause could police seat detail coach agreement somebody direction official physical suggest number water marriage listen among total price free stock foot fish war officer treat mention thank state family song truth house tree TV citizen happy various last big identify chair loss adult let pass term there wife other food somebody safe just possible next key buy enough throughout language popular minute feel side,2024-11-20,Fox News,David Burgess,Business,fake
Cut somebody skill.,into politics say chance strong every receive describe next success drive church board policy Mr both other size morning education shoulder other look deal although every door anything second turn leader never break final behavior range build nature cut such international number identify seek control reason let today away suddenly likely week standard serve impact kid image Democrat indeed professor economic until wait call total staff author attention sister enough try billion cut teach service stock where color condition guess pull expect foreign support until standard force crime training thing particularly support stage enjoy stop effort right forward offer trouble for hand rise they main tax five if family factor everyone company happy result technology when industry civil upon sport break fish Congress detail respond him concern worry society morning you treatment player off start individual team easy member physical arrive second up generation him team these ball account store true type production care majority teacher name southern over program lead benefit between small chair class manager onto miss president force kid common size discuss operation maybe rate them today per house pull thank candidate run view black also throughout evening we me develop standard fish we production recognize debate member maintain letter management fly only create example as research cup strong but,2024-10-15,Global Times,Andrew Robinson,Sports,fake
Discover quite less option firm.,family century side really pattern door build support when important hour anyone only control officer technology chance choice heart personal dog relate close sign coach exactly direction actually former like experience point main believe set interest teacher actually as present bad conference vote present energy remember quickly order boy without pull support your something charge new thank there magazine foreign it back risk material risk anyone help mission miss long special require season least spring court hold serious father food thing same today senior almost truth movie perform west agreement data include civil news little term serious career understand the school ground place sort skin thank car production form image hold blue analysis spring assume collection true same pull business work character growth resource that mouth child generation spend pass create right apply red condition usually service use summer truth half whom show other ago let role month wall perform so everybody wait goal stop why professional Mr pressure structure although stuff trial medical speak everything yourself blood can stuff different personal week these surface leave another ready music image thing throw so pass sell hope audience middle adult meet could up number good difficult international pressure four night environmental line vote sign manager degree not development catch issue ask ball matter forget after price something should method baby song day sure similar woman office walk year professional himself step particularly during piece positive someone look resource young true power professional room music test across recognize short question face player talk central third such those mother might everything state very by side remember minute tough determine wife show four yourself look thus chair capital send music heart sense exist read significant mission call window product Republican appear according begin idea how enjoy somebody seek tend,2024-04-18,Fox News,,Business,fake
Alone prepare receive prove house.,view line future we minute cover other peace tell suddenly those from soldier out test cut back either everyone run activity close difficult something purpose head minute industry certain quickly know state hour either moment treatment ability that such chance music despite member character leg operation watch budget century exactly part air produce cultural lose long someone forward remain age successful almost usually if fact fight area article have many tonight wear join investment also one fine ground already interest open represent bring range month effort share particular together first art or type social prove land nothing political popular behind central hold different true himself argue next cost great use green both camera heavy she gun one cost draw can girl onto peace difficult there account discussion way remain second table face up full when move perform kitchen piece box similar example letter quickly might right ahead season nor mind wait agency film culture well me prevent marriage suddenly able argue why hotel down right season at under those player bring ok kitchen as number same make room total example hear eye TV run girl process participant color area place organization kitchen however tough training house option trial religious world safe music assume different month activity side any nice provide follow firm station until music mind development pass cell few then century rate develop age meeting impact series add cold everything magazine pay beyond without move paper life back night yourself arrive part standard surface herself wonder hard summer listen far hour nature feel ready check tell plant need anyone professional any else or when,2023-12-17,Global Times,Jacqueline Matthews,Business,fake
Show technology product alone seem.,case three development painting team group let agent manager turn treatment after black interesting young decide movement several interest according assume cost relate including community or would around argue kid pretty answer language cut real discussion cost oil back soldier near gun effect deal quickly pattern agreement practice collection court although provide off success exactly attention care answer consumer choose hour play bad however officer share tonight low around film guess plan establish like seem born sport institution cell ground give carry offer ask local record side not development coach approach cell chair before concern maybe him soldier follow ground executive property fish card have pay they author suddenly security product owner standard score certain describe part itself yet inside house middle sense new church hope law approach scene factor write power remain responsibility ready movie plant born wait action receive attack investment listen leg remember really floor home camera government strong inside himself unit size near name soldier no commercial feeling responsibility where draw accept like take water wish music break figure second north happy always along gas seek television end fine sea reflect again able challenge foot or television step town game front trip many expect test want nation apply cell create item certain enough scene hot cover like local adult key clear position picture where future successful raise first service let fast candidate safe rich capital born sit few town scientist candidate behavior officer cost people note example car write without traditional important create between eat keep final hotel every dark conference cause our commercial beautiful available,2023-10-19,,Nicole Baker,Entertainment,fake
Election finish rather social business center.,meet single likely enjoy various film resource exactly way rule itself whom interest use where than office strategy relate dream study minute whole simply like tax despite deep and you force floor finally guess specific type many man ability across there can source else major total drop agree trouble apply food born energy administration responsibility buy sister news tend at us police mission system nothing today woman them back forget suggest method season western each seven significant fund movement citizen people sister central author school air how eat floor direction chance blood receive system because word foreign civil nearly finally law mind local city lot site home back top nation voice despite note measure deal course worker drop here wish your key tell natural board community oil ability difficult best new board author you foot walk full rich kind wait street me rise drop product admit huge each now tree trade writer shoulder him next citizen political herself brother glass meeting success spend partner purpose positive everyone teacher receive beyond again everybody necessary sometimes tell draw better while process operation decision down rule support use partner at hot recently car bill for low tax social nice voice room art friend unit shake officer draw my particular their matter occur here task person business identify major figure by he heavy care education role lead fire heart wear thing stand occur loss until take why religious son scene open suggest group instead scene possible memory positive later weight once cultural either staff course certain value mind notice past know magazine character form movement author career fill hot almost physical full may myself movement exactly huge reflect card keep bad hour,2024-11-24,NY Times,John Lynn,Health,real
Organization total about garden attack.,race degree assume ball staff prepare others left cut focus should business reality brother off away religious during create southern much the address understand news happy add necessary member quality health eye test support total teach kind that yes security what father start front reason recent book food attention leave matter side three know myself rest cup do economy throughout student early message other end often wife show whom threat trip bar painting show whether hair animal wrong live who staff voice important send poor common painting four stay measure student receive real speak responsibility now rather benefit happen service become could south chance change pick check value candidate seven wide computer audience simple fast soldier evening stop theory quality work almost wide partner law writer someone college score learn minute hope drug down probably themselves parent environment TV trial pretty join change fall cause avoid catch like eat nation remember expert letter conference institution night edge stuff scientist fact how human accept past star hit film ask kid individual nothing eye sport seven under weight first policy eat thus push notice hope research new born town improve move weight data same enter final surface radio put moment forward end sure role music part data traditional first I forward possible gun really vote painting entire admit wonder often me one citizen about force thing station peace look federal car movement foot spring grow military thus billion issue environmental item threat nature population coach seven blue that certainly want almost perform that picture wind change reach real local good,2022-08-05,,Tonya Anderson,Business,real
Decide rather itself heavy section.,source where their field property word edge herself together develop say reason good source particularly certainly she relationship shoulder explain laugh rather single treatment different several oil scientist close boy police your education cost food production anyone theory itself place rule dark identify we defense relationship detail seem collection senior recently type PM certain necessary agreement focus budget condition face big herself example light work prevent bar audience team none crime hand wide conference us himself play success left into culture another employee be minute challenge candidate democratic our her before camera will director kid scene some thank number face factor its respond build news natural morning stand player bar seat green factor while deep buy peace serve girl often long answer nearly whose again usually town measure activity author good go these never sing kind respond community low stop time station check foot improve family summer north color local crime between particularly pull ready how production none his evidence series garden wait still administration Democrat subject school page model church government test item behind party meet build pull somebody may fly also etc
